{
  "per_fold": [
    {
      "rmse": 0.06922751665115356,
      "mae": 0.023076262325048447,
      "pearson_r": 0.47538628470997907,
      "sam_deg": 55.59991455078125
    },
    {
      "rmse": 0.06815643608570099,
      "mae": 0.020596642047166824,
      "pearson_r": 0.32412183621408464,
      "sam_deg": 64.81192016601562
    },
    {
      "rmse": 0.0986432209610939,
      "mae": 0.046983979642391205,
      "pearson_r": 0.34275675725495136,
      "sam_deg": 64.02281188964844
    }
  ],
  "mean": {
    "rmse": 0.07867572456598282,
    "mae": 0.03021896133820216,
    "pearson_r": 0.3807549593930051,
    "sam_deg": 61.47821553548177
  },
  "std": {
    "rmse": 0.014125921506483584,
    "mae": 0.011897801147984326,
    "pearson_r": 0.0673455312498415,
    "sam_deg": 4.169051836089842
  },
  "best_fold": 2
}