{
  "per_fold": [
    {
      "rmse": 0.07068086415529251,
      "mae": 0.018681000918149948,
      "pearson_r": 0.41455677355308085,
      "sam_deg": 59.89632797241211
    },
    {
      "rmse": 0.08007887750864029,
      "mae": 0.03268963098526001,
      "pearson_r": 0.41208252684730473,
      "sam_deg": 59.20648193359375
    },
    {
      "rmse": 0.08033403009176254,
      "mae": 0.029628977179527283,
      "pearson_r": 0.30319252219002996,
      "sam_deg": 66.04832458496094
    }
  ],
  "mean": {
    "rmse": 0.07703125725189845,
    "mae": 0.026999869694312412,
    "pearson_r": 0.37661060753013853,
    "sam_deg": 61.717044830322266
  },
  "std": {
    "rmse": 0.004491614043320711,
    "mae": 0.006013572632852823,
    "pearson_r": 0.051924251979499646,
    "sam_deg": 3.0755986001671793
  },
  "best_fold": 1
}