name,pearson_r,rmse
CO,0.8910006071635311,0.04255940392613411
NH3,0.9683809076336168,0.03227123245596886
Pt_ZnO_NT,0.5056298014202519,0.06795648485422134
Pt_ZnO_NT_CO,0.6700420715558721,0.05199551582336426
ZnO_NT,0.6804435741148758,0.05116269364953041
ZnO_NT_CO,0.19755810457611575,0.0828651487827301
