{
  "per_fold": [
    {
      "rmse": 0.13644467294216156,
      "mae": 0.07053360342979431,
      "pearson_r": 0.1207344651763607,
      "sam_deg": 80.43431091308594
    },
    {
      "rmse": 0.07577835023403168,
      "mae": 0.026368629187345505,
      "pearson_r": 0.35159397200560466,
      "sam_deg": 68.15367889404297
    },
    {
      "rmse": 0.07959820330142975,
      "mae": 0.018687469884753227,
      "pearson_r": 0.2697049370345154,
      "sam_deg": 72.81139373779297
    }
  ],
  "mean": {
    "rmse": 0.09727374215920766,
    "mae": 0.03852990083396435,
    "pearson_r": 0.2473444580721603,
    "sam_deg": 73.79979451497395
  },
  "std": {
    "rmse": 0.027741895911735516,
    "mae": 0.02284626573337096,
    "pearson_r": 0.09556506069315598,
    "sam_deg": 5.062027444218692
  },
  "best_fold": 2
}